presence,C%7B%22t3%22%3A%5B%5D%2C%22utc3%22%3A1725542261774%2C%22v%22%3A1%7D,.facebook.com,/
c_user,61556435870668,.facebook.com,/
ps_l,1,.facebook.com,/
locale,id_ID,.facebook.com,/
datr,5xi-ZQgt0fBLc20YedRJ0gb_,.facebook.com,/
zsh,ASSL8_IUV90FbK-b-2ACC0OPKmUIujZywOBT_n40LvYgjMXY6AMNjaDPdSbFxpyIEc7OJxS4f3gB6_Jf_K5tElAckqLSKbqp5W0fOQvw7cqCKYidp-sEqc_Q02EScv9lyHj37BjwwrDvz-3raIPZqL9AyZHYyWpCGppo0RkVladjfEZ6SODHvUlJ4t6lFukCYIV0XtaHckZbEDEZWFCsdCOpaAak3MnS41NK3QbBdfyBOkSF7yLMk5OjOlJqg3f8G9z0prwlR3S80NVCG8fkNF97pb5oP3B2Dd-hMfjd3H4xTYEF-IsY08rqagzHQf9xcKUV6m0EmUwGSA,.facebook.com,/
dpr,1,.facebook.com,/
vpd,v1%3B688x360x1.7004296779632568,.facebook.com,/
m_pixel_ratio,1.7004296779632568,.facebook.com,/
x-referer,eyJyIjoiL2Vycm9yL2luZGV4LnBocD9lcnI9ZWMma2Vycj0xMzU3MDMyJmtlcnJfc3VtbWFyeT1UZXJqYWRpJTIwS2VzYWxhaGFuJmtlcnJfZGVzY3JpcHRpb249Q29iYSUyMG11YXQlMjB1bGFuZyUyMGhhbGFtYW4lMkMlMjBhdGF1JTIwdHV0dXAlMjBkYW4lMjBidWthJTIwa2VtYmFsaSUyMGplbmRlbGElMjBicm93c2VyJTIwQW5kYS4iLCJoIjoiL2Vycm9yL2luZGV4LnBocD9lcnI9ZWMma2Vycj0xMzU3MDMyJmtlcnJfc3VtbWFyeT1UZXJqYWRpJTIwS2VzYWxhaGFuJmtlcnJfZGVzY3JpcHRpb249Q29iYSUyMG11YXQlMjB1bGFuZyUyMGhhbGFtYW4lMkMlMjBhdGF1JTIwdHV0dXAlMjBkYW4lMjBidWthJTIwa2VtYmFsaSUyMGplbmRlbGElMjBicm93c2VyJTIwQW5kYS4iLCJzIjoibSJ9,.facebook.com,/
sb,5xi-ZX-tc6XtNcuJJZcsYlIx,.facebook.com,/
wl_cbv,v2%3Bclient_version%3A2402%3Btimestamp%3A1706957043,.facebook.com,/
xs,18%3AP6wd0OvW7mQSNg%3A2%3A1716005403%3A-1%3A10936%3A%3AAcU28VRU709FM60p4tUIQ4PeZcSh_CfwXdhuHOL-6zd9BQ,.facebook.com,/
m_page_voice,61552908293037,.facebook.com,/
fbl_st,101136171%3BT%3A28451755,.facebook.com,/
wd,1920x963,.facebook.com,/
,undefined,.facebook.com,/
ps_n,1,.facebook.com,/
fr,1gPzU9nWKXFUI6MGG.AWUiz5KIqqx0p8Doff_W-zGVvn8.BmvXGO..AAA.0.0.BmvXiO.AWWgttRmFak,.facebook.com,/