fr,09wuKgGEyftYlhqHI.AWVhT1qKRAnOBn-kWB6OJRIj9pY.BltguD..AAA.0.0.BmCtm8.AWXQ5ZoTVP4,.facebook.com,/
x-referer,eyJyIjoiL2Vycm9yL2luZGV4LnBocD9lcnI9ZWMma2Vycj0xMzU3MDMyJmtlcnJfc3VtbWFyeT1UZXJqYWRpJTIwS2VzYWxhaGFuJmtlcnJfZGVzY3JpcHRpb249Q29iYSUyMG11YXQlMjB1bGFuZyUyMGhhbGFtYW4lMkMlMjBhdGF1JTIwdHV0dXAlMjBkYW4lMjBidWthJTIwa2VtYmFsaSUyMGplbmRlbGElMjBicm93c2VyJTIwQW5kYS4iLCJoIjoiL2Vycm9yL2luZGV4LnBocD9lcnI9ZWMma2Vycj0xMzU3MDMyJmtlcnJfc3VtbWFyeT1UZXJqYWRpJTIwS2VzYWxhaGFuJmtlcnJfZGVzY3JpcHRpb249Q29iYSUyMG11YXQlMjB1bGFuZyUyMGhhbGFtYW4lMkMlMjBhdGF1JTIwdHV0dXAlMjBkYW4lMjBidWthJTIwa2VtYmFsaSUyMGplbmRlbGElMjBicm93c2VyJTIwQW5kYS4iLCJzIjoibSJ9,.facebook.com,/
c_user,61555927143848,.facebook.com,/
ps_l,0,.facebook.com,/
locale,id_ID,.facebook.com,/
sb,gwu2ZRottyVDZcFikze3o5ej,.facebook.com,/
m_pixel_ratio,1.7004296779632568,.facebook.com,/
datr,gwu2ZT5_67ianFggSjz8rJEL,.facebook.com,/
wd,1920x874,.facebook.com,/
xs,1%3AVSsuxpgH_Lczvw%3A2%3A1706429322%3A-1%3A-1,.facebook.com,/
,undefined,.facebook.com,/
fbl_ci,1393926201330425,.facebook.com,/
zsh,ASSL8_IUV90FbK-b-2ACC0OPKmUIujZywOBT_n40LvYgjMXY6AMNjaDPdSbFxpyIEc7OJxS4f3gB6_Jf_K5tElAckqLSKbqp5W0fOQvw7cqCKYidp-sEqc_Q02EScv9lyHj37BjwwrDvz-3raIPZqL9AyZHYyWpCGppo0RkVladjfEZ6SODHvUlJ4t6lFukCYIV0XtaHckZbEDEZWFCsdCOpaAak3MnS41NK3QbBdfyBOkSF7yLMk5OjOlJqg3f8G9z0prwlR3S80NVCG8fkNF97pb5oP3B2Dd-hMfjd3H4xTYEF-IsY08rqagzHQf9xcKUV6m0EmUwGSA,.facebook.com,/
ps_n,0,.facebook.com,/
vpd,v1%3B688x360x1.7004296779632568,.facebook.com,/
fbl_st,100433765%3BT%3A28440488,.facebook.com,/
presence,C%7B%22t3%22%3A%5B%5D%2C%22utc3%22%3A1711987139155%2C%22v%22%3A1%7D,.facebook.com,/
wl_cbv,v2%3Bclient_version%3A2398%3Btimestamp%3A1706429324,.facebook.com,/
dpr,2,.facebook.com,/
m_page_voice,61552908293037,.facebook.com,/
fbl_cs,AhDFjzBpDWZpfBw1HpORaeBcGHNPSDlMZHJ0a0RtUEpIcVIybU1EaUpDKw,.facebook.com,/