presence,C%7B%22t3%22%3A%5B%5D%2C%22utc3%22%3A1719628442273%2C%22v%22%3A1%7D,.facebook.com,/
fr,0MdsatUgCAXNJrsD3.AWWsJ4CloZKVHbEeyWasaDXYXSY.BmK4ZT..AAA.0.0.Bmf3KF.AWVifPZsVuM,.facebook.com,/
zsh,ASSL8_IUV90FbK-b-2ACC0OPKmUIujZywOBT_n40LvYgjMXY6AMNjaDPdSbFxpyIEc7OJxS4f3gB6_Jf_K5tElAckqLSKbqp5W0fOQvw7cqCKYidp-sEqc_Q02EScv9lyHj37BjwwrDvz-3raIPZqL9AyZHYyWpCGppo0RkVladjfEZ6SODHvUlJ4t6lFukCYIV0XtaHckZbEDEZWFCsdCOpaAak3MnS41NK3QbBdfyBOkSF7yLMk5OjOlJqg3f8G9z0prwlR3S80NVCG8fkNF97pb5oP3B2Dd-hMfjd3H4xTYEF-IsY08rqagzHQf9xcKUV6m0EmUwGSA,.facebook.com,/
m_page_voice,61552746569772,.facebook.com,/
m_pixel_ratio,1.7004296779632568,.facebook.com,/
sb,U4YrZrjTgr7690lebELBWG3-,.facebook.com,/
xs,47%3A5cPoxHve23HfZA%3A2%3A1714128474%3A-1%3A-1,.facebook.com,/
,undefined,.facebook.com,/
wd,1920x874,.facebook.com,/
datr,U4YrZhppTmCAj9t2wXg1dwi-,.facebook.com,/
c_user,61558812123880,.facebook.com,/
ps_l,1,.facebook.com,/
locale,id_ID,.facebook.com,/
wl_cbv,v2%3Bclient_version%3A2480%3Btimestamp%3A1714128476,.facebook.com,/
dpr,1,.facebook.com,/
vpd,v1%3B688x360x1.7004296779632568,.facebook.com,/
fbl_st,101527520%3BT%3A28568807,.facebook.com,/
ps_n,1,.facebook.com,/
x-referer,eyJyIjoiL2Vycm9yL2luZGV4LnBocD9lcnI9ZWMma2Vycj0xMzU3MDMyJmtlcnJfc3VtbWFyeT1UZXJqYWRpJTIwS2VzYWxhaGFuJmtlcnJfZGVzY3JpcHRpb249Q29iYSUyMG11YXQlMjB1bGFuZyUyMGhhbGFtYW4lMkMlMjBhdGF1JTIwdHV0dXAlMjBkYW4lMjBidWthJTIwa2VtYmFsaSUyMGplbmRlbGElMjBicm93c2VyJTIwQW5kYS4iLCJoIjoiL2Vycm9yL2luZGV4LnBocD9lcnI9ZWMma2Vycj0xMzU3MDMyJmtlcnJfc3VtbWFyeT1UZXJqYWRpJTIwS2VzYWxhaGFuJmtlcnJfZGVzY3JpcHRpb249Q29iYSUyMG11YXQlMjB1bGFuZyUyMGhhbGFtYW4lMkMlMjBhdGF1JTIwdHV0dXAlMjBkYW4lMjBidWthJTIwa2VtYmFsaSUyMGplbmRlbGElMjBicm93c2VyJTIwQW5kYS4iLCJzIjoibSJ9,.facebook.com,/