presence,C%7B%22t3%22%3A%5B%5D%2C%22utc3%22%3A1711981943773%2C%22v%22%3A1%7D,.facebook.com,/
fr,0YwdWq5f3BAtvtmft.AWVeIHhQjmtK3CHb_PuvB0OZsPA.BlwF01..AAA.0.0.BmCsVq.AWVqGcj-uME,.facebook.com,/
m_page_voice,61552908293037,.facebook.com,/
fbl_cs,AhBaz5hzF32ljY%2FqQtD4qvKAGE9McURtMWNpQ2dwRTA9UG5UMXNPemxqVg,.facebook.com,/
,undefined,.facebook.com,/
xs,47%3AKYfcTPdiAVtEGw%3A2%3A1707105598%3A-1%3A-1,.facebook.com,/
datr,Nl3AZWLfFLO-B2W8FebLElpF,.facebook.com,/
wd,1920x874,.facebook.com,/
x-referer,eyJyIjoiL2Vycm9yL2luZGV4LnBocD9lcnI9ZWMma2Vycj0xMzU3MDMyJmtlcnJfc3VtbWFyeT1UZXJqYWRpJTIwS2VzYWxhaGFuJmtlcnJfZGVzY3JpcHRpb249Q29iYSUyMG11YXQlMjB1bGFuZyUyMGhhbGFtYW4lMkMlMjBhdGF1JTIwdHV0dXAlMjBkYW4lMjBidWthJTIwa2VtYmFsaSUyMGplbmRlbGElMjBicm93c2VyJTIwQW5kYS4iLCJoIjoiL2Vycm9yL2luZGV4LnBocD9lcnI9ZWMma2Vycj0xMzU3MDMyJmtlcnJfc3VtbWFyeT1UZXJqYWRpJTIwS2VzYWxhaGFuJmtlcnJfZGVzY3JpcHRpb249Q29iYSUyMG11YXQlMjB1bGFuZyUyMGhhbGFtYW4lMkMlMjBhdGF1JTIwdHV0dXAlMjBkYW4lMjBidWthJTIwa2VtYmFsaSUyMGplbmRlbGElMjBicm93c2VyJTIwQW5kYS4iLCJzIjoibSJ9,.facebook.com,/
zsh,ASSL8_IUV90FbK-b-2ACC0OPKmUIujZywOBT_n40LvYgjMXY6AMNjaDPdSbFxpyIEc7OJxS4f3gB6_Jf_K5tElAckqLSKbqp5W0fOQvw7cqCKYidp-sEqc_Q02EScv9lyHj37BjwwrDvz-3raIPZqL9AyZHYyWpCGppo0RkVladjfEZ6SODHvUlJ4t6lFukCYIV0XtaHckZbEDEZWFCsdCOpaAak3MnS41NK3QbBdfyBOkSF7yLMk5OjOlJqg3f8G9z0prwlR3S80NVCG8fkNF97pb5oP3B2Dd-hMfjd3H4xTYEF-IsY08rqagzHQf9xcKUV6m0EmUwGSA,.facebook.com,/
fbl_ci,390402307008401,.facebook.com,/
c_user,61556220600729,.facebook.com,/
ps_l,0,.facebook.com,/
locale,id_ID,.facebook.com,/
dpr,2,.facebook.com,/
wl_cbv,v2%3Bclient_version%3A2403%3Btimestamp%3A1707105600,.facebook.com,/
m_pixel_ratio,1.7004296779632568,.facebook.com,/
sb,Nl3AZbmLO6nVh1cjnQ710750,.facebook.com,/
vpd,v1%3B688x360x1.7004296779632568,.facebook.com,/
fbl_st,100630363%3BT%3A28451760,.facebook.com,/
ps_n,0,.facebook.com,/