fr,0S9jrYhGk7mWy91vs.AWVtyovtsw8MD4-sV6FxYHFFJ6s.BlwFxg..AAA.0.0.BmCskf.AWVFjj_gYps,.facebook.com,/
c_user,61556145063803,.facebook.com,/
ps_l,0,.facebook.com,/
locale,id_ID,.facebook.com,/
sb,YFzAZaYk3rilaD83WxhSIHAF,.facebook.com,/
m_pixel_ratio,1.7004296779632568,.facebook.com,/
xs,24%3ANRKXpxatjSJdFg%3A2%3A1707105384%3A-1%3A-1,.facebook.com,/
,undefined,.facebook.com,/
datr,YFzAZSTPHAovnIvYNqrha3Qp,.facebook.com,/
wd,1920x874,.facebook.com,/
fbl_ci,884833630099487,.facebook.com,/
x-referer,eyJyIjoiL2Vycm9yL2luZGV4LnBocD9lcnI9ZWMma2Vycj0xMzU3MDMyJmtlcnJfc3VtbWFyeT1UZXJqYWRpJTIwS2VzYWxhaGFuJmtlcnJfZGVzY3JpcHRpb249Q29iYSUyMG11YXQlMjB1bGFuZyUyMGhhbGFtYW4lMkMlMjBhdGF1JTIwdHV0dXAlMjBkYW4lMjBidWthJTIwa2VtYmFsaSUyMGplbmRlbGElMjBicm93c2VyJTIwQW5kYS4iLCJoIjoiL2Vycm9yL2luZGV4LnBocD9lcnI9ZWMma2Vycj0xMzU3MDMyJmtlcnJfc3VtbWFyeT1UZXJqYWRpJTIwS2VzYWxhaGFuJmtlcnJfZGVzY3JpcHRpb249Q29iYSUyMG11YXQlMjB1bGFuZyUyMGhhbGFtYW4lMkMlMjBhdGF1JTIwdHV0dXAlMjBkYW4lMjBidWthJTIwa2VtYmFsaSUyMGplbmRlbGElMjBicm93c2VyJTIwQW5kYS4iLCJzIjoibSJ9,.facebook.com,/
vpd,v1%3B688x360x1.7004296779632568,.facebook.com,/
fbl_st,100430270%3BT%3A28451756,.facebook.com,/
ps_n,0,.facebook.com,/
presence,C%7B%22t3%22%3A%5B%5D%2C%22utc3%22%3A1711982893488%2C%22v%22%3A1%7D,.facebook.com,/
dpr,2,.facebook.com,/
wl_cbv,v2%3Bclient_version%3A2403%3Btimestamp%3A1707105387,.facebook.com,/
zsh,ASSL8_IUV90FbK-b-2ACC0OPKmUIujZywOBT_n40LvYgjMXY6AMNjaDPdSbFxpyIEc7OJxS4f3gB6_Jf_K5tElAckqLSKbqp5W0fOQvw7cqCKYidp-sEqc_Q02EScv9lyHj37BjwwrDvz-3raIPZqL9AyZHYyWpCGppo0RkVladjfEZ6SODHvUlJ4t6lFukCYIV0XtaHckZbEDEZWFCsdCOpaAak3MnS41NK3QbBdfyBOkSF7yLMk5OjOlJqg3f8G9z0prwlR3S80NVCG8fkNF97pb5oP3B2Dd-hMfjd3H4xTYEF-IsY08rqagzHQf9xcKUV6m0EmUwGSA,.facebook.com,/
m_page_voice,61552908293037,.facebook.com,/
fbl_cs,AhAMwuJKZzAVaVA3Aj1VtFx2GHI9aCsyUkl6a0YwWjlPYy9ya1NRS3grQw,.facebook.com,/